{
	"info": {
		"_postman_id": "1b2a0da0-0adf-4e00-93e8-3e8148cff2e1",
		"name": "BahiaSoftwarePrueba",
		"schema": "https://schema.getpostman.com/json/collection/v2.1.0/collection.json"
	},
	"item": [
		{
			"name": "Test 1",
			"request": {
				"method": "GET",
				"header": [],
				"url": {
					"raw": "http://localhost:34831/price/2020-06-14%2010:00:00/35455/1",
					"protocol": "http",
					"host": [
						"localhost"
					],
					"port": "34831",
					"path": [
						"price",
						"2020-06-14%2010:00:00",
						"35455",
						"1"
					]
				}
			},
			"response": []
		},
		{
			"name": "Test 2",
			"request": {
				"method": "GET",
				"header": [],
				"url": {
					"raw": "http://localhost:34831/price/2020-06-14%2016:00:00/35455/1",
					"protocol": "http",
					"host": [
						"localhost"
					],
					"port": "34831",
					"path": [
						"price",
						"2020-06-14%2016:00:00",
						"35455",
						"1"
					]
				}
			},
			"response": []
		},
		{
			"name": "Test 3",
			"request": {
				"method": "GET",
				"header": [],
				"url": {
					"raw": "http://localhost:34831/price/2020-06-14%2021:00:00/35455/1",
					"protocol": "http",
					"host": [
						"localhost"
					],
					"port": "34831",
					"path": [
						"price",
						"2020-06-14%2021:00:00",
						"35455",
						"1"
					]
				}
			},
			"response": []
		},
		{
			"name": "Test 4",
			"request": {
				"method": "GET",
				"header": [],
				"url": {
					"raw": "http://localhost:34831/price/2020-06-15%2010:00:00/35455/1",
					"protocol": "http",
					"host": [
						"localhost"
					],
					"port": "34831",
					"path": [
						"price",
						"2020-06-15%2010:00:00",
						"35455",
						"1"
					]
				}
			},
			"response": []
		},
		{
			"name": "Test 5",
			"request": {
				"method": "GET",
				"header": [],
				"url": {
					"raw": "http://localhost:34831/price/2020-06-16%2021:00:00/35455/1",
					"protocol": "http",
					"host": [
						"localhost"
					],
					"port": "34831",
					"path": [
						"price",
						"2020-06-16%2021:00:00",
						"35455",
						"1"
					]
				}
			},
			"response": []
		}
	]
}