<?xml version="1.0" encoding="UTF-8"?>
<Configuration status="WARN" monitorInterval="30">

    <Properties>
        <Property name="LOG_PATTERN">
            %style{%d{HH:mm:ss.SSS}}{dim} %highlight{[%level]} %style{%logger{36}.%method()}{dim} [thread: %threadId] - %msg%n{FATAL= red blink, ERROR=red, WARN=yellow bold, INFO=green, DEBUG=green bold, TRACE=blue}
        </Property>
    </Properties>

    <Appenders>
        <Console name="ConsoleAppender" target="SYSTEM_OUT" follow="true">
            <PatternLayout disableAnsi="false">
                <Pattern>${LOG_PATTERN}</Pattern>
            </PatternLayout>
        </Console>

        <RollingFile name="FileAppender" fileName="logs/trade-engine.log"
                     filePattern="logs/my-apps-name-%d{yyyy-MM-dd}-%i.log">
            <PatternLayout>
                <Pattern>${LOG_PATTERN}</Pattern>
            </PatternLayout>
            <Policies>
                <SizeBasedTriggeringPolicy size="100MB" />
            </Policies>
            <DefaultRolloverStrategy max="10"/>
        </RollingFile>
    </Appenders>

    <Loggers>
        <Logger name="es.codes.mario.prueba.software.bahia" level="debug" additivity="false">
            <AppenderRef ref="ConsoleAppender"/>
            <AppenderRef ref="FileAppender"/>
        </Logger>

        <Root level="info">
            <AppenderRef ref="ConsoleAppender"/>
            <AppenderRef ref="FileAppender"/>
        </Root>
    </Loggers>

</Configuration>